# Dépenses du risque vieillesse-survie, ventilées par système, France
# source_id: drees_comptes_protection_sociale
# unite: millions d'euros courants de l'année
# fiabilite:
#   certifiee (1990-2024) : prestations du poste E11-2 par organisme,
#             regroupées selon REGIMES_CPS dans
#             scripts/verifier_donnees.py, qui les recontrôle contre
#             l'API de la DREES et vérifie que leur somme rend le total.
#
# POURQUOI LA VENTILATION NE COMMENCE QU'EN 1990
# -----------------------------------------------
# La DREES ventile bien le risque depuis 1981, mais dans une nomenclature
# différente — « Régime général de la Sécurité sociale », « Régimes
# spéciaux », « Régimes de l'État et des entreprises publiques » — dont
# les périmètres ne se recoupent pas avec ceux de 1990 : les
# complémentaires n'y sont pas encore séparées de l'Agirc et de l'Arrco.
# Personne n'a publié le raccord. Ces neuf années sont une impasse, et
# le total, lui, les couvre depuis 1959.
#
# LE DÉCOUPAGE EST CELUI DE LA COMPTABILITÉ NATIONALE
# ----------------------------------------------------
# La DREES ventile par SECTEUR INSTITUTIONNEL et non par caisse. Deux
# conséquences qu'il faut connaître pour lire ces chiffres :
#   * « regimes_speciaux » réunit la CNRACL, la SNCF, la RATP, les IEG et
#     les autres — la fonction publique territoriale et hospitalière y est
#     donc, et non avec l'État ;
#   * « regime_general » absorbe, à compter de 2020, les artisans et les
#     commerçants, dont le régime a été adossé à la Cnav.
#
# Ne pas modifier les années certifiées à la main : elles seraient écrasées
# au prochain scripts/verifier_donnees.py --appliquer.
annee,regime,depenses_meur,fiabilite
1990,agirc_arrco,22310.0,certifiee
1990,aide_sociale_locale,1514.1,certifiee
1990,exploitants_agricoles,6737.9,certifiee
1990,fonction_publique_etat,17686.3,certifiee
1990,ircantec,614.6,certifiee
1990,non_salaries_autres,4190.4,certifiee
1990,professions_liberales,1378.4,certifiee
1990,regime_general,35006.5,certifiee
1990,regimes_speciaux,11446.3,certifiee
1990,repartition_autres,1921.3,certifiee
1990,salaries_agricoles,3393.9,certifiee
1990,solidarite_etat,1840.9,certifiee
1990,supplementaire,7857.3,certifiee
1991,agirc_arrco,24573.4,certifiee
1991,aide_sociale_locale,1573.6,certifiee
1991,exploitants_agricoles,6965.6,certifiee
1991,fonction_publique_etat,18409.1,certifiee
1991,ircantec,637.4,certifiee
1991,non_salaries_autres,4376.5,certifiee
1991,professions_liberales,1507.9,certifiee
1991,regime_general,37509.3,certifiee
1991,regimes_speciaux,11854.6,certifiee
1991,repartition_autres,2033.6,certifiee
1991,salaries_agricoles,3571.9,certifiee
1991,solidarite_etat,1800.7,certifiee
1991,supplementaire,8211.0,certifiee
1992,agirc_arrco,27096.4,certifiee
1992,aide_sociale_locale,1665.2,certifiee
1992,exploitants_agricoles,7081.1,certifiee
1992,fonction_publique_etat,19362.6,certifiee
1992,ircantec,704.3,certifiee
1992,non_salaries_autres,4582.7,certifiee
1992,professions_liberales,1622.7,certifiee
1992,regime_general,40231.9,certifiee
1992,regimes_speciaux,12309.3,certifiee
1992,repartition_autres,2096.7,certifiee
1992,salaries_agricoles,3727.4,certifiee
1992,solidarite_etat,1842.4,certifiee
1992,supplementaire,8745.1,certifiee
1993,agirc_arrco,29275.2,certifiee
1993,aide_sociale_locale,1770.3,certifiee
1993,exploitants_agricoles,7198.8,certifiee
1993,fonction_publique_etat,20358.1,certifiee
1993,ircantec,739.6,certifiee
1993,non_salaries_autres,4782.2,certifiee
1993,professions_liberales,1771.0,certifiee
1993,regime_general,42890.4,certifiee
1993,regimes_speciaux,12603.2,certifiee
1993,repartition_autres,2132.9,certifiee
1993,salaries_agricoles,3880.5,certifiee
1993,solidarite_etat,1818.0,certifiee
1993,supplementaire,8994.9,certifiee
1994,agirc_arrco,31561.9,certifiee
1994,aide_sociale_locale,1882.8,certifiee
1994,exploitants_agricoles,7322.6,certifiee
1994,fonction_publique_etat,21051.7,certifiee
1994,ircantec,772.8,certifiee
1994,non_salaries_autres,4957.0,certifiee
1994,professions_liberales,1875.9,certifiee
1994,regime_general,45288.1,certifiee
1994,regimes_speciaux,13008.4,certifiee
1994,repartition_autres,1495.0,certifiee
1994,salaries_agricoles,4010.1,certifiee
1994,solidarite_etat,1789.2,certifiee
1994,supplementaire,8877.8,certifiee
1995,agirc_arrco,33407.7,certifiee
1995,aide_sociale_locale,1975.3,certifiee
1995,exploitants_agricoles,7442.2,certifiee
1995,fonction_publique_etat,22195.4,certifiee
1995,ircantec,820.4,certifiee
1995,non_salaries_autres,5103.6,certifiee
1995,professions_liberales,1982.2,certifiee
1995,regime_general,47725.4,certifiee
1995,regimes_speciaux,13521.6,certifiee
1995,repartition_autres,1638.5,certifiee
1995,salaries_agricoles,4112.1,certifiee
1995,solidarite_etat,1774.6,certifiee
1995,supplementaire,8983.6,certifiee
1996,agirc_arrco,34344.2,certifiee
1996,aide_sociale_locale,2033.5,certifiee
1996,exploitants_agricoles,7656.0,certifiee
1996,fonction_publique_etat,23115.5,certifiee
1996,ircantec,887.9,certifiee
1996,non_salaries_autres,5326.1,certifiee
1996,professions_liberales,2088.8,certifiee
1996,regime_general,47804.7,certifiee
1996,regimes_speciaux,13926.4,certifiee
1996,repartition_autres,1674.5,certifiee
1996,salaries_agricoles,4241.2,certifiee
1996,solidarite_etat,1644.3,certifiee
1996,supplementaire,9897.4,certifiee
1997,agirc_arrco,36209.8,certifiee
1997,aide_sociale_locale,1977.4,certifiee
1997,exploitants_agricoles,7769.6,certifiee
1997,fonction_publique_etat,23848.8,certifiee
1997,ircantec,911.3,certifiee
1997,non_salaries_autres,5433.0,certifiee
1997,professions_liberales,2135.4,certifiee
1997,regime_general,52118.6,certifiee
1997,regimes_speciaux,14169.4,certifiee
1997,repartition_autres,1153.7,certifiee
1997,salaries_agricoles,4309.5,certifiee
1997,solidarite_etat,1594.8,certifiee
1997,supplementaire,9526.3,certifiee
1998,agirc_arrco,37514.0,certifiee
1998,aide_sociale_locale,1950.4,certifiee
1998,exploitants_agricoles,7934.6,certifiee
1998,fonction_publique_etat,24808.9,certifiee
1998,ircantec,942.8,certifiee
1998,non_salaries_autres,5597.9,certifiee
1998,professions_liberales,2221.7,certifiee
1998,regime_general,54035.8,certifiee
1998,regimes_speciaux,14528.3,certifiee
1998,repartition_autres,1166.4,certifiee
1998,salaries_agricoles,4374.0,certifiee
1998,solidarite_etat,1591.5,certifiee
1998,supplementaire,10030.5,certifiee
1999,agirc_arrco,39168.8,certifiee
1999,aide_sociale_locale,2002.1,certifiee
1999,exploitants_agricoles,8072.0,certifiee
1999,fonction_publique_etat,25885.7,certifiee
1999,ircantec,1004.0,certifiee
1999,non_salaries_autres,5708.0,certifiee
1999,professions_liberales,2277.1,certifiee
1999,regime_general,56033.3,certifiee
1999,regimes_speciaux,14912.7,certifiee
1999,repartition_autres,1258.2,certifiee
1999,salaries_agricoles,4394.4,certifiee
1999,solidarite_etat,1572.6,certifiee
1999,supplementaire,10368.0,certifiee
2000,agirc_arrco,40159.9,certifiee
2000,aide_sociale_locale,2002.6,certifiee
2000,exploitants_agricoles,8159.0,certifiee
2000,fonction_publique_etat,26984.6,certifiee
2000,ircantec,1081.2,certifiee
2000,non_salaries_autres,5787.0,certifiee
2000,professions_liberales,2357.6,certifiee
2000,regime_general,57679.5,certifiee
2000,regimes_speciaux,15585.5,certifiee
2000,repartition_autres,1178.9,certifiee
2000,salaries_agricoles,4514.7,certifiee
2000,solidarite_etat,1580.3,certifiee
2000,supplementaire,11031.2,certifiee
2001,agirc_arrco,41710.9,certifiee
2001,aide_sociale_locale,2044.8,certifiee
2001,exploitants_agricoles,8371.3,certifiee
2001,fonction_publique_etat,28051.6,certifiee
2001,ircantec,1184.3,certifiee
2001,non_salaries_autres,5817.7,certifiee
2001,professions_liberales,2446.4,certifiee
2001,regime_general,60382.6,certifiee
2001,regimes_speciaux,16309.9,certifiee
2001,repartition_autres,1240.2,certifiee
2001,salaries_agricoles,4511.3,certifiee
2001,solidarite_etat,1573.1,certifiee
2001,supplementaire,11821.3,certifiee
2002,agirc_arrco,43353.1,certifiee
2002,aide_sociale_locale,3976.3,certifiee
2002,exploitants_agricoles,8539.6,certifiee
2002,fonction_publique_etat,29398.3,certifiee
2002,ircantec,1236.8,certifiee
2002,non_salaries_autres,6074.9,certifiee
2002,professions_liberales,2534.9,certifiee
2002,regime_general,62373.3,certifiee
2002,regimes_speciaux,16851.9,certifiee
2002,repartition_autres,1277.8,certifiee
2002,salaries_agricoles,4572.4,certifiee
2002,solidarite_etat,1584.1,certifiee
2002,supplementaire,12293.6,certifiee
2003,agirc_arrco,45100.1,certifiee
2003,aide_sociale_locale,5234.4,certifiee
2003,exploitants_agricoles,8633.2,certifiee
2003,fonction_publique_etat,30790.0,certifiee
2003,ircantec,1297.4,certifiee
2003,non_salaries_autres,6113.5,certifiee
2003,professions_liberales,2641.8,certifiee
2003,regime_general,64781.8,certifiee
2003,regimes_speciaux,17339.9,certifiee
2003,repartition_autres,1236.1,certifiee
2003,salaries_agricoles,4637.9,certifiee
2003,solidarite_etat,1592.6,certifiee
2003,supplementaire,13021.3,certifiee
2004,agirc_arrco,47452.2,certifiee
2004,aide_sociale_locale,5721.7,certifiee
2004,exploitants_agricoles,8798.1,certifiee
2004,fonction_publique_etat,32495.6,certifiee
2004,ircantec,1378.4,certifiee
2004,non_salaries_autres,6301.6,certifiee
2004,professions_liberales,2771.4,certifiee
2004,regime_general,68218.3,certifiee
2004,regimes_speciaux,18078.1,certifiee
2004,repartition_autres,1308.7,certifiee
2004,salaries_agricoles,4736.3,certifiee
2004,solidarite_etat,1609.9,certifiee
2004,supplementaire,13877.7,certifiee
2005,agirc_arrco,50888.5,certifiee
2005,aide_sociale_locale,6047.2,certifiee
2005,exploitants_agricoles,8911.5,certifiee
2005,fonction_publique_etat,33965.5,certifiee
2005,ircantec,1469.3,certifiee
2005,non_salaries_autres,6688.1,certifiee
2005,professions_liberales,3078.9,certifiee
2005,regime_general,73583.1,certifiee
2005,regimes_speciaux,18801.1,certifiee
2005,repartition_autres,1352.2,certifiee
2005,salaries_agricoles,4876.7,certifiee
2005,solidarite_etat,1650.8,certifiee
2005,supplementaire,11947.5,certifiee
2006,agirc_arrco,53739.9,certifiee
2006,aide_sociale_locale,6446.5,certifiee
2006,exploitants_agricoles,8971.8,certifiee
2006,fonction_publique_etat,37892.5,certifiee
2006,ircantec,1538.4,certifiee
2006,non_salaries_autres,7093.3,certifiee
2006,professions_liberales,3092.8,certifiee
2006,regime_general,77850.1,certifiee
2006,regimes_speciaux,20409.1,certifiee
2006,repartition_autres,1417.7,certifiee
2006,salaries_agricoles,5019.0,certifiee
2006,solidarite_etat,1681.6,certifiee
2006,supplementaire,11047.5,certifiee
2007,agirc_arrco,57017.0,certifiee
2007,aide_sociale_locale,6868.3,certifiee
2007,exploitants_agricoles,9162.5,certifiee
2007,fonction_publique_etat,40453.1,certifiee
2007,ircantec,1656.9,certifiee
2007,non_salaries_autres,7434.1,certifiee
2007,professions_liberales,3255.4,certifiee
2007,regime_general,82894.8,certifiee
2007,regimes_speciaux,21445.1,certifiee
2007,repartition_autres,1459.8,certifiee
2007,salaries_agricoles,5130.3,certifiee
2007,solidarite_etat,1588.6,certifiee
2007,supplementaire,10644.7,certifiee
2008,agirc_arrco,60286.0,certifiee
2008,aide_sociale_locale,7265.5,certifiee
2008,exploitants_agricoles,9357.8,certifiee
2008,fonction_publique_etat,42379.7,certifiee
2008,ircantec,1773.4,certifiee
2008,non_salaries_autres,7904.3,certifiee
2008,professions_liberales,3470.9,certifiee
2008,regime_general,87255.7,certifiee
2008,regimes_speciaux,22587.3,certifiee
2008,repartition_autres,1521.8,certifiee
2008,salaries_agricoles,5259.0,certifiee
2008,solidarite_etat,1566.0,certifiee
2008,supplementaire,10683.5,certifiee
2009,agirc_arrco,63187.0,certifiee
2009,aide_sociale_locale,7540.4,certifiee
2009,exploitants_agricoles,9389.5,certifiee
2009,fonction_publique_etat,44131.4,certifiee
2009,ircantec,1930.0,certifiee
2009,non_salaries_autres,8199.2,certifiee
2009,professions_liberales,3684.3,certifiee
2009,regime_general,91573.1,certifiee
2009,regimes_speciaux,23713.9,certifiee
2009,repartition_autres,1552.0,certifiee
2009,salaries_agricoles,5301.6,certifiee
2009,solidarite_etat,1551.3,certifiee
2009,supplementaire,10746.5,certifiee
2010,agirc_arrco,65929.0,certifiee
2010,aide_sociale_locale,7810.1,certifiee
2010,exploitants_agricoles,9372.8,certifiee
2010,fonction_publique_etat,45599.8,certifiee
2010,ircantec,2040.2,certifiee
2010,non_salaries_autres,8513.4,certifiee
2010,professions_liberales,3940.5,certifiee
2010,regime_general,95431.4,certifiee
2010,regimes_speciaux,24383.4,certifiee
2010,repartition_autres,1511.0,certifiee
2010,salaries_agricoles,5279.6,certifiee
2010,solidarite_etat,1524.2,certifiee
2010,supplementaire,10804.0,certifiee
2011,agirc_arrco,68230.0,certifiee
2011,aide_sociale_locale,7972.1,certifiee
2011,exploitants_agricoles,9423.3,certifiee
2011,fonction_publique_etat,47677.4,certifiee
2011,ircantec,2180.8,certifiee
2011,non_salaries_autres,8787.7,certifiee
2011,professions_liberales,4196.6,certifiee
2011,regime_general,99923.6,certifiee
2011,regimes_speciaux,25561.8,certifiee
2011,repartition_autres,1565.2,certifiee
2011,salaries_agricoles,5304.8,certifiee
2011,solidarite_etat,1467.8,certifiee
2011,supplementaire,10898.1,certifiee
2012,agirc_arrco,70724.0,certifiee
2012,aide_sociale_locale,8211.4,certifiee
2012,exploitants_agricoles,9390.6,certifiee
2012,fonction_publique_etat,49494.7,certifiee
2012,ircantec,2192.0,certifiee
2012,non_salaries_autres,9065.0,certifiee
2012,professions_liberales,4520.7,certifiee
2012,regime_general,103526.9,certifiee
2012,regimes_speciaux,26712.8,certifiee
2012,repartition_autres,1601.8,certifiee
2012,salaries_agricoles,5295.1,certifiee
2012,solidarite_etat,1432.6,certifiee
2012,supplementaire,10961.5,certifiee
2013,agirc_arrco,72840.0,certifiee
2013,aide_sociale_locale,8276.1,certifiee
2013,exploitants_agricoles,9333.0,certifiee
2013,fonction_publique_etat,50821.7,certifiee
2013,ircantec,2317.0,certifiee
2013,non_salaries_autres,9284.7,certifiee
2013,professions_liberales,4852.8,certifiee
2013,regime_general,107430.4,certifiee
2013,regimes_speciaux,27495.8,certifiee
2013,repartition_autres,1603.1,certifiee
2013,salaries_agricoles,5245.9,certifiee
2013,solidarite_etat,1396.0,certifiee
2013,supplementaire,11821.5,certifiee
2014,agirc_arrco,74301.0,certifiee
2014,aide_sociale_locale,8408.4,certifiee
2014,exploitants_agricoles,9324.5,certifiee
2014,fonction_publique_etat,51637.4,certifiee
2014,ircantec,2479.0,certifiee
2014,non_salaries_autres,9443.4,certifiee
2014,professions_liberales,5128.7,certifiee
2014,regime_general,110178.2,certifiee
2014,regimes_speciaux,28063.9,certifiee
2014,repartition_autres,1600.4,certifiee
2014,salaries_agricoles,5158.1,certifiee
2014,solidarite_etat,1333.5,certifiee
2014,supplementaire,11940.7,certifiee
2015,agirc_arrco,75584.0,certifiee
2015,aide_sociale_locale,8458.9,certifiee
2015,exploitants_agricoles,9243.0,certifiee
2015,fonction_publique_etat,52196.8,certifiee
2015,ircantec,2727.0,certifiee
2015,non_salaries_autres,9721.8,certifiee
2015,professions_liberales,5380.8,certifiee
2015,regime_general,112513.5,certifiee
2015,regimes_speciaux,28588.9,certifiee
2015,repartition_autres,1558.6,certifiee
2015,salaries_agricoles,5070.2,certifiee
2015,solidarite_etat,1275.5,certifiee
2015,supplementaire,12247.0,certifiee
2016,agirc_arrco,76857.0,certifiee
2016,aide_sociale_locale,8617.9,certifiee
2016,exploitants_agricoles,9121.1,certifiee
2016,fonction_publique_etat,52776.7,certifiee
2016,ircantec,2840.0,certifiee
2016,non_salaries_autres,9825.3,certifiee
2016,professions_liberales,5629.4,certifiee
2016,regime_general,114970.6,certifiee
2016,regimes_speciaux,29150.0,certifiee
2016,repartition_autres,1528.9,certifiee
2016,salaries_agricoles,4971.2,certifiee
2016,solidarite_etat,1215.2,certifiee
2016,supplementaire,12889.1,certifiee
2017,agirc_arrco,78049.0,certifiee
2017,aide_sociale_locale,8841.1,certifiee
2017,exploitants_agricoles,9157.2,certifiee
2017,fonction_publique_etat,53287.8,certifiee
2017,ircantec,2947.0,certifiee
2017,non_salaries_autres,9967.9,certifiee
2017,professions_liberales,5886.9,certifiee
2017,regime_general,117200.5,certifiee
2017,regimes_speciaux,29860.6,certifiee
2017,repartition_autres,1538.6,certifiee
2017,salaries_agricoles,4726.5,certifiee
2017,solidarite_etat,1210.8,certifiee
2017,supplementaire,13458.4,certifiee
2018,agirc_arrco,79649.0,certifiee
2018,aide_sociale_locale,8929.6,certifiee
2018,exploitants_agricoles,9102.3,certifiee
2018,fonction_publique_etat,54284.8,certifiee
2018,ircantec,3079.6,certifiee
2018,non_salaries_autres,2517.5,certifiee
2018,professions_liberales,6195.1,certifiee
2018,regime_general,128331.3,certifiee
2018,regimes_speciaux,30790.6,certifiee
2018,repartition_autres,1560.3,certifiee
2018,salaries_agricoles,4701.3,certifiee
2018,solidarite_etat,1589.4,certifiee
2018,supplementaire,13821.5,certifiee
2019,agirc_arrco,81456.0,certifiee
2019,aide_sociale_locale,9042.6,certifiee
2019,exploitants_agricoles,9056.1,certifiee
2019,fonction_publique_etat,55062.6,certifiee
2019,ircantec,3212.0,certifiee
2019,non_salaries_autres,2595.1,certifiee
2019,professions_liberales,6519.8,certifiee
2019,regime_general,131378.4,certifiee
2019,regimes_speciaux,31564.0,certifiee
2019,repartition_autres,1597.1,certifiee
2019,salaries_agricoles,4678.7,certifiee
2019,solidarite_etat,1522.8,certifiee
2019,supplementaire,14214.4,certifiee
2020,agirc_arrco,83054.2,certifiee
2020,aide_sociale_locale,9106.5,certifiee
2020,exploitants_agricoles,9425.5,certifiee
2020,fonction_publique_etat,55732.6,certifiee
2020,ircantec,3364.0,certifiee
2020,non_salaries_autres,2642.4,certifiee
2020,professions_liberales,6838.0,certifiee
2020,regime_general,134654.8,certifiee
2020,regimes_speciaux,32375.6,certifiee
2020,repartition_autres,1010.8,certifiee
2020,salaries_agricoles,4894.7,certifiee
2020,solidarite_etat,1480.1,certifiee
2020,supplementaire,14950.3,certifiee
2021,agirc_arrco,84097.5,certifiee
2021,aide_sociale_locale,9296.2,certifiee
2021,exploitants_agricoles,9432.1,certifiee
2021,fonction_publique_etat,56404.3,certifiee
2021,ircantec,3523.3,certifiee
2021,non_salaries_autres,2743.9,certifiee
2021,professions_liberales,7149.7,certifiee
2021,regime_general,137748.3,certifiee
2021,regimes_speciaux,33018.4,certifiee
2021,repartition_autres,1101.2,certifiee
2021,salaries_agricoles,4870.1,certifiee
2021,solidarite_etat,1351.0,certifiee
2021,supplementaire,14664.1,certifiee
2022,agirc_arrco,86736.0,certifiee
2022,aide_sociale_locale,9711.8,certifiee
2022,exploitants_agricoles,9911.4,certifiee
2022,fonction_publique_etat,58669.0,certifiee
2022,ircantec,3756.0,certifiee
2022,non_salaries_autres,2874.8,certifiee
2022,professions_liberales,7622.8,certifiee
2022,regime_general,144910.6,certifiee
2022,regimes_speciaux,34726.1,certifiee
2022,repartition_autres,1156.1,certifiee
2022,salaries_agricoles,4997.1,certifiee
2022,solidarite_etat,1432.8,certifiee
2022,supplementaire,15176.6,certifiee
2023,agirc_arrco,92650.0,certifiee
2023,aide_sociale_locale,10280.2,certifiee
2023,exploitants_agricoles,10148.8,certifiee
2023,fonction_publique_etat,61179.3,certifiee
2023,ircantec,3990.0,certifiee
2023,non_salaries_autres,3008.7,certifiee
2023,professions_liberales,8231.5,certifiee
2023,regime_general,151817.8,certifiee
2023,regimes_speciaux,36449.8,certifiee
2023,repartition_autres,1231.8,certifiee
2023,salaries_agricoles,5126.3,certifiee
2023,solidarite_etat,1359.5,certifiee
2023,supplementaire,15243.7,certifiee
2024,agirc_arrco,98306.6,certifiee
2024,aide_sociale_locale,10748.8,certifiee
2024,exploitants_agricoles,10620.4,certifiee
2024,fonction_publique_etat,64650.0,certifiee
2024,ircantec,4331.8,certifiee
2024,non_salaries_autres,3235.1,certifiee
2024,professions_liberales,8749.7,certifiee
2024,regime_general,163343.3,certifiee
2024,regimes_speciaux,38872.9,certifiee
2024,repartition_autres,1266.4,certifiee
2024,salaries_agricoles,5383.5,certifiee
2024,solidarite_etat,1425.3,certifiee
2024,supplementaire,15731.4,certifiee
